{
  "name": "platform.js",
  "main": "platform.js",
  "ignore": [
    ".*",
    "*.log",
    "*.md",
    "package.json",
    "doc",
    "test"
  ],
  "homepage": "https://github.com/bestiejs/platform.js",
  "version": "1.3.4",
  "_release": "1.3.4",
  "_resolution": {
    "type": "version",
    "tag": "1.3.4",
    "commit": "dbe9db964ca25a26712ccb51482111f3773d35ef"
  },
  "_source": "https://github.com/bestiejs/platform.js.git",
  "_target": "^1.3.4",
  "_originalSource": "platform",
  "_direct": true
}