{
  "name": "ionic-image-lazy-load",
  "main": "ionic-image-lazy-load.js",
  "homepage": "https://github.com/paveisistemas/ionic-image-lazy-load",
  "authors": [
    "Vincius Zilli Pavei <vinicius@paveisistemas.com.br>",
    "Michel Vidailhet <mvidailhet@mncc.fr>"
  ],
  "description": "Directive to Ionic Framework that only loads an image when it is seen by the user.",
  "moduleType": [
    "amd"
  ],
  "keywords": [
    "ionic",
    "lazy",
    "load",
    "image"
  ],
  "license": "MIT",
  "ignore": [
    "**/.*",
    "node_modules",
    "bower_components",
    "test",
    "tests"
  ],
  "_release": "3cf1f1ae84",
  "_resolution": {
    "type": "branch",
    "branch": "master",
    "commit": "3cf1f1ae843c954baa9e01fb80423426fecdc3e2"
  },
  "_source": "https://github.com/paveisistemas/ionic-image-lazy-load.git",
  "_target": "*",
  "_originalSource": "ion-image-lazy-load",
  "_direct": true
}